Entity,Code,Country_Check,Year, Proportion who received the final dose of (HPV) vaccine (%)
Africa (UN),,,2011,0
Africa (UN),,,2012,0
Africa (UN),,,2013,1
Africa (UN),,,2014,3
Africa (UN),,,2015,3
Africa (UN),,,2016,4
Africa (UN),,,2017,5
Africa (UN),,,2018,6
Africa (UN),,,2019,16
Africa (UN),,,2020,15
Africa (UN),,,2021,17
Africa (UN),,,2022,19
Andorra,AND,AND,2018,49
Andorra,AND,AND,2019,64
Andorra,AND,AND,2020,77
Andorra,AND,AND,2021,83
Andorra,AND,AND,2022,83
Antigua and Barbuda,ATG,ATG,2021,2
Antigua and Barbuda,ATG,ATG,2022,2
Argentina,ARG,ARG,2011,36
Argentina,ARG,ARG,2012,43
Argentina,ARG,ARG,2013,60
Argentina,ARG,ARG,2014,57
Argentina,ARG,ARG,2015,52
Argentina,ARG,ARG,2016,58
Argentina,ARG,ARG,2017,52
Argentina,ARG,ARG,2018,59
Argentina,ARG,ARG,2019,60
Argentina,ARG,ARG,2020,46
Argentina,ARG,ARG,2021,55
Argentina,ARG,ARG,2022,54
Armenia,ARM,ARM,2018,2
Armenia,ARM,ARM,2019,8
Armenia,ARM,ARM,2020,10
Armenia,ARM,ARM,2021,9
Armenia,ARM,ARM,2022,15
Asia (UN),,,2010,0
Asia (UN),,,2011,1
Asia (UN),,,2012,1
Asia (UN),,,2013,1
Asia (UN),,,2014,1
Asia (UN),,,2015,1
Asia (UN),,,2016,1
Asia (UN),,,2017,2
Asia (UN),,,2018,2
Asia (UN),,,2019,2
Asia (UN),,,2020,3
Asia (UN),,,2021,2
Asia (UN),,,2022,3
Australia,AUS,AUS,2010,67
Australia,AUS,AUS,2011,63
Australia,AUS,AUS,2012,65
Australia,AUS,AUS,2013,66
Australia,AUS,AUS,2014,66
Australia,AUS,AUS,2015,68
Australia,AUS,AUS,2016,71
Australia,AUS,AUS,2017,72
Australia,AUS,AUS,2018,75
Australia,AUS,AUS,2019,80
Australia,AUS,AUS,2020,67
Australia,AUS,AUS,2021,66
Australia,AUS,AUS,2022,58
Austria,AUT,AUT,2015,5
Austria,AUT,AUT,2016,9
Austria,AUT,AUT,2017,17
Austria,AUT,AUT,2018,26
Austria,AUT,AUT,2019,35
Austria,AUT,AUT,2020,45
Austria,AUT,AUT,2021,53
Austria,AUT,AUT,2022,53
Bahamas,BHS,BHS,2015,2
Bahamas,BHS,BHS,2016,18
Bahamas,BHS,BHS,2017,17
Bahamas,BHS,BHS,2018,10
Bahamas,BHS,BHS,2019,8
Bahamas,BHS,BHS,2020,4
Bahamas,BHS,BHS,2021,4
Bahamas,BHS,BHS,2022,8
Barbados,BRB,BRB,2014,8
Barbados,BRB,BRB,2015,31
Barbados,BRB,BRB,2016,15
Barbados,BRB,BRB,2017,15
Barbados,BRB,BRB,2018,26
Barbados,BRB,BRB,2019,28
Barbados,BRB,BRB,2020,7
Barbados,BRB,BRB,2021,27
Barbados,BRB,BRB,2022,15
Belgium,BEL,BEL,2012,61
Belgium,BEL,BEL,2013,63
Belgium,BEL,BEL,2014,64
Belgium,BEL,BEL,2015,66
Belgium,BEL,BEL,2016,67
Belgium,BEL,BEL,2017,68
Belgium,BEL,BEL,2018,69
Belgium,BEL,BEL,2019,69
Belgium,BEL,BEL,2020,70
Belgium,BEL,BEL,2021,70
Belgium,BEL,BEL,2022,69
Belize,BLZ,BLZ,2017,51
Belize,BLZ,BLZ,2018,54
Belize,BLZ,BLZ,2019,63
Belize,BLZ,BLZ,2020,12
Belize,BLZ,BLZ,2021,5
Belize,BLZ,BLZ,2022,7
Bhutan,BTN,BTN,2010,95
Bhutan,BTN,BTN,2011,74
Bhutan,BTN,BTN,2012,77
Bhutan,BTN,BTN,2013,68
Bhutan,BTN,BTN,2014,94
Bhutan,BTN,BTN,2015,94
Bhutan,BTN,BTN,2016,95
Bhutan,BTN,BTN,2017,94
Bhutan,BTN,BTN,2018,94
Bhutan,BTN,BTN,2019,74
Bhutan,BTN,BTN,2020,83
Bhutan,BTN,BTN,2021,90
Bhutan,BTN,BTN,2022,71
Bolivia,BOL,BOL,2017,64
Bolivia,BOL,BOL,2018,59
Bolivia,BOL,BOL,2019,66
Bolivia,BOL,BOL,2020,23
Bolivia,BOL,BOL,2021,34
Bolivia,BOL,BOL,2022,45
Botswana,BWA,BWA,2015,64
Botswana,BWA,BWA,2016,73
Botswana,BWA,BWA,2017,0
Botswana,BWA,BWA,2018,0
Botswana,BWA,BWA,2019,43
Botswana,BWA,BWA,2020,0
Botswana,BWA,BWA,2021,21
Botswana,BWA,BWA,2022,20
Brazil,BRA,BRA,2014,60
Brazil,BRA,BRA,2015,49
Brazil,BRA,BRA,2016,71
Brazil,BRA,BRA,2017,91
Brazil,BRA,BRA,2018,67
Brazil,BRA,BRA,2019,67
Brazil,BRA,BRA,2020,71
Brazil,BRA,BRA,2021,67
Brazil,BRA,BRA,2022,69
Brunei,BRN,BRN,2012,99
Brunei,BRN,BRN,2013,85
Brunei,BRN,BRN,2014,80
Brunei,BRN,BRN,2015,76
Brunei,BRN,BRN,2016,85
Brunei,BRN,BRN,2017,87
Brunei,BRN,BRN,2018,88
Brunei,BRN,BRN,2019,87
Brunei,BRN,BRN,2020,81
Brunei,BRN,BRN,2021,84
Brunei,BRN,BRN,2022,78
Bulgaria,BGR,BGR,2013,20
Bulgaria,BGR,BGR,2014,14
Bulgaria,BGR,BGR,2015,4
Bulgaria,BGR,BGR,2016,3
Bulgaria,BGR,BGR,2017,4
Bulgaria,BGR,BGR,2018,6
Bulgaria,BGR,BGR,2019,4
Bulgaria,BGR,BGR,2020,3
Bulgaria,BGR,BGR,2021,1
Bulgaria,BGR,BGR,2022,1
Burkina Faso,BFA,BFA,2022,16
Cameroon,CMR,CMR,2021,5
Cameroon,CMR,CMR,2022,7
Canada,CAN,CAN,2013,73
Canada,CAN,CAN,2014,74
Canada,CAN,CAN,2015,75
Canada,CAN,CAN,2016,79
Canada,CAN,CAN,2017,83
Canada,CAN,CAN,2018,83
Canada,CAN,CAN,2019,83
Canada,CAN,CAN,2020,87
Canada,CAN,CAN,2021,87
Canada,CAN,CAN,2022,86
Cape Verde,CPV,CPV,2022,93
Central and Southern Asia (UN),,,2010,0
Central and Southern Asia (UN),,,2011,0
Central and Southern Asia (UN),,,2012,0
Central and Southern Asia (UN),,,2013,0
Central and Southern Asia (UN),,,2014,0
Central and Southern Asia (UN),,,2015,0
Central and Southern Asia (UN),,,2016,0
Central and Southern Asia (UN),,,2017,0
Central and Southern Asia (UN),,,2018,1
Central and Southern Asia (UN),,,2019,1
Central and Southern Asia (UN),,,2020,2
Central and Southern Asia (UN),,,2021,2
Central and Southern Asia (UN),,,2022,2
Chile,CHL,CHL,2015,77
Chile,CHL,CHL,2016,80
Chile,CHL,CHL,2017,72
Chile,CHL,CHL,2018,78
Chile,CHL,CHL,2019,84
Chile,CHL,CHL,2020,76
Chile,CHL,CHL,2021,59
Chile,CHL,CHL,2022,69
Colombia,COL,COL,2012,87
Colombia,COL,COL,2013,52
Colombia,COL,COL,2014,17
Colombia,COL,COL,2015,7
Colombia,COL,COL,2016,2
Colombia,COL,COL,2017,3
Colombia,COL,COL,2018,9
Colombia,COL,COL,2019,10
Colombia,COL,COL,2020,9
Colombia,COL,COL,2021,11
Colombia,COL,COL,2022,11
Cook Islands,COK,COK,2011,74
Cook Islands,COK,COK,2013,48
Cook Islands,COK,COK,2014,99
Cook Islands,COK,COK,2015,83
Cook Islands,COK,COK,2016,41
Cook Islands,COK,COK,2017,69
Cook Islands,COK,COK,2018,70
Cook Islands,COK,COK,2019,73
Cook Islands,COK,COK,2022,8
Costa Rica,CRI,CRI,2019,39
Costa Rica,CRI,CRI,2020,74
Costa Rica,CRI,CRI,2021,57
Costa Rica,CRI,CRI,2022,71
Cote d'Ivoire,CIV,CIV,2020,12
Cote d'Ivoire,CIV,CIV,2021,38
Cote d'Ivoire,CIV,CIV,2022,34
Cyprus,CYP,CYP,2017,57
Cyprus,CYP,CYP,2018,64
Cyprus,CYP,CYP,2019,64
Cyprus,CYP,CYP,2021,84
Cyprus,CYP,CYP,2022,84
Denmark,DNK,DNK,2011,68
Denmark,DNK,DNK,2012,72
Denmark,DNK,DNK,2013,75
Denmark,DNK,DNK,2014,66
Denmark,DNK,DNK,2015,55
Denmark,DNK,DNK,2016,16
Denmark,DNK,DNK,2017,36
Denmark,DNK,DNK,2018,54
Denmark,DNK,DNK,2019,62
Denmark,DNK,DNK,2020,82
Denmark,DNK,DNK,2021,82
Denmark,DNK,DNK,2022,78
Developing regions,,,2010,0
Developing regions,,,2011,1
Developing regions,,,2012,3
Developing regions,,,2013,4
Developing regions,,,2014,6
Developing regions,,,2015,7
Developing regions,,,2016,8
Developing regions,,,2017,9
Developing regions,,,2018,9
Developing regions,,,2019,11
Developing regions,,,2020,9
Developing regions,,,2021,9
Developing regions,,,2022,12
Dominica,DMA,DMA,2020,66
Dominica,DMA,DMA,2021,69
Dominica,DMA,DMA,2022,73
Dominican Republic,DOM,DOM,2017,34
Dominican Republic,DOM,DOM,2018,30
Dominican Republic,DOM,DOM,2019,6
Dominican Republic,DOM,DOM,2020,4
Dominican Republic,DOM,DOM,2021,8
Dominican Republic,DOM,DOM,2022,13
Eastern and South-Eastern Asia (UN),,,2011,2
Eastern and South-Eastern Asia (UN),,,2012,2
Eastern and South-Eastern Asia (UN),,,2013,2
Eastern and South-Eastern Asia (UN),,,2014,2
Eastern and South-Eastern Asia (UN),,,2015,3
Eastern and South-Eastern Asia (UN),,,2016,3
Eastern and South-Eastern Asia (UN),,,2017,6
Eastern and South-Eastern Asia (UN),,,2018,5
Eastern and South-Eastern Asia (UN),,,2019,4
Eastern and South-Eastern Asia (UN),,,2020,4
Eastern and South-Eastern Asia (UN),,,2021,2
Eastern and South-Eastern Asia (UN),,,2022,4
Ecuador,ECU,ECU,2014,81
Ecuador,ECU,ECU,2015,99
Ecuador,ECU,ECU,2016,95
Ecuador,ECU,ECU,2017,86
Ecuador,ECU,ECU,2018,72
Ecuador,ECU,ECU,2019,54
Ecuador,ECU,ECU,2020,35
Ecuador,ECU,ECU,2021,2
Ecuador,ECU,ECU,2022,52
El Salvador,SLV,SLV,2021,38
El Salvador,SLV,SLV,2022,34
Estonia,EST,EST,2018,46
Estonia,EST,EST,2019,55
Estonia,EST,EST,2020,54
Estonia,EST,EST,2021,56
Estonia,EST,EST,2022,43
Ethiopia,ETH,ETH,2019,82
Ethiopia,ETH,ETH,2020,73
Ethiopia,ETH,ETH,2021,71
Ethiopia,ETH,ETH,2022,74
Europe (UN),,,2010,22
Europe (UN),,,2011,26
Europe (UN),,,2012,28
Europe (UN),,,2013,29
Europe (UN),,,2014,28
Europe (UN),,,2015,31
Europe (UN),,,2016,32
Europe (UN),,,2017,32
Europe (UN),,,2018,32
Europe (UN),,,2019,35
Europe (UN),,,2020,33
Europe (UN),,,2021,33
Europe (UN),,,2022,34
Europe and Northern America (UN),,,2010,22
Europe and Northern America (UN),,,2011,24
Europe and Northern America (UN),,,2012,24
Europe and Northern America (UN),,,2013,29
Europe and Northern America (UN),,,2014,29
Europe and Northern America (UN),,,2015,32
Europe and Northern America (UN),,,2016,35
Europe and Northern America (UN),,,2017,38
Europe and Northern America (UN),,,2018,36
Europe and Northern America (UN),,,2019,42
Europe and Northern America (UN),,,2020,40
Europe and Northern America (UN),,,2021,41
Europe and Northern America (UN),,,2022,42
Fiji,FJI,FJI,2013,53
Fiji,FJI,FJI,2014,80
Fiji,FJI,FJI,2015,60
Fiji,FJI,FJI,2016,47
Fiji,FJI,FJI,2017,50
Fiji,FJI,FJI,2018,45
Fiji,FJI,FJI,2019,52
Fiji,FJI,FJI,2020,89
Fiji,FJI,FJI,2021,50
Fiji,FJI,FJI,2022,49
Finland,FIN,FIN,2015,55
Finland,FIN,FIN,2016,64
Finland,FIN,FIN,2017,62
Finland,FIN,FIN,2018,60
Finland,FIN,FIN,2019,61
Finland,FIN,FIN,2020,61
Finland,FIN,FIN,2021,61
Finland,FIN,FIN,2022,61
France,FRA,FRA,2010,25
France,FRA,FRA,2011,22
France,FRA,FRA,2012,17
France,FRA,FRA,2013,16
France,FRA,FRA,2014,13
France,FRA,FRA,2015,20
France,FRA,FRA,2016,21
France,FRA,FRA,2017,24
France,FRA,FRA,2018,24
France,FRA,FRA,2019,33
France,FRA,FRA,2020,37
France,FRA,FRA,2021,37
France,FRA,FRA,2022,42
Gambia,GMB,GMB,2021,27
Gambia,GMB,GMB,2022,0
Georgia,GEO,GEO,2019,12
Georgia,GEO,GEO,2020,22
Georgia,GEO,GEO,2021,31
Georgia,GEO,GEO,2022,34
Germany,DEU,DEU,2010,27
Germany,DEU,DEU,2011,27
Germany,DEU,DEU,2012,27
Germany,DEU,DEU,2013,29
Germany,DEU,DEU,2014,31
Germany,DEU,DEU,2015,33
Germany,DEU,DEU,2016,37
Germany,DEU,DEU,2017,40
Germany,DEU,DEU,2018,43
Germany,DEU,DEU,2019,47
Germany,DEU,DEU,2020,51
Germany,DEU,DEU,2021,54
Germany,DEU,DEU,2022,54
Grenada,GRD,GRD,2019,37
Grenada,GRD,GRD,2020,28
Grenada,GRD,GRD,2021,1
Grenada,GRD,GRD,2022,5
Guatemala,GTM,GTM,2018,32
Guatemala,GTM,GTM,2019,27
Guatemala,GTM,GTM,2020,33
Guatemala,GTM,GTM,2021,24
Guatemala,GTM,GTM,2022,18
Guyana,GUY,GUY,2012,2
Guyana,GUY,GUY,2013,10
Guyana,GUY,GUY,2014,5
Guyana,GUY,GUY,2015,3
Guyana,GUY,GUY,2016,8
Guyana,GUY,GUY,2017,12
Guyana,GUY,GUY,2018,19
Guyana,GUY,GUY,2019,19
Guyana,GUY,GUY,2020,25
Guyana,GUY,GUY,2021,2
Guyana,GUY,GUY,2022,12
Honduras,HND,HND,2016,52
Honduras,HND,HND,2017,61
Honduras,HND,HND,2018,52
Honduras,HND,HND,2019,58
Honduras,HND,HND,2020,46
Honduras,HND,HND,2021,51
Honduras,HND,HND,2022,47
Hungary,HUN,HUN,2015,75
Hungary,HUN,HUN,2016,72
Hungary,HUN,HUN,2017,73
Hungary,HUN,HUN,2018,71
Hungary,HUN,HUN,2019,76
Hungary,HUN,HUN,2020,83
Hungary,HUN,HUN,2021,80
Hungary,HUN,HUN,2022,74
Iceland,ISL,ISL,2012,92
Iceland,ISL,ISL,2013,87
Iceland,ISL,ISL,2014,88
Iceland,ISL,ISL,2015,89
Iceland,ISL,ISL,2016,91
Iceland,ISL,ISL,2017,87
Iceland,ISL,ISL,2018,85
Iceland,ISL,ISL,2019,93
Iceland,ISL,ISL,2020,90
Iceland,ISL,ISL,2021,90
Iceland,ISL,ISL,2022,85
Indonesia,IDN,IDN,2017,3
Indonesia,IDN,IDN,2018,5
Indonesia,IDN,IDN,2019,6
Indonesia,IDN,IDN,2020,7
Indonesia,IDN,IDN,2021,4
Indonesia,IDN,IDN,2022,7
Ireland,IRL,IRL,2011,82
Ireland,IRL,IRL,2012,86
Ireland,IRL,IRL,2013,86
Ireland,IRL,IRL,2014,84
Ireland,IRL,IRL,2015,87
Ireland,IRL,IRL,2016,74
Ireland,IRL,IRL,2017,54
Ireland,IRL,IRL,2018,65
Ireland,IRL,IRL,2019,71
Ireland,IRL,IRL,2020,79
Ireland,IRL,IRL,2021,72
Ireland,IRL,IRL,2022,79
Israel,ISR,ISR,2014,51
Israel,ISR,ISR,2015,52
Israel,ISR,ISR,2016,57
Israel,ISR,ISR,2017,50
Israel,ISR,ISR,2018,52
Israel,ISR,ISR,2019,54
Israel,ISR,ISR,2020,55
Israel,ISR,ISR,2021,55
Israel,ISR,ISR,2022,57
Italy,ITA,ITA,2010,44
Italy,ITA,ITA,2011,52
Italy,ITA,ITA,2012,54
Italy,ITA,ITA,2013,55
Italy,ITA,ITA,2014,50
Italy,ITA,ITA,2015,56
Italy,ITA,ITA,2016,53
Italy,ITA,ITA,2017,50
Italy,ITA,ITA,2018,41
Italy,ITA,ITA,2019,53
Italy,ITA,ITA,2020,27
Italy,ITA,ITA,2021,32
Italy,ITA,ITA,2022,39
Jamaica,JAM,JAM,2018,8
Jamaica,JAM,JAM,2019,9
Jamaica,JAM,JAM,2020,4
Jamaica,JAM,JAM,2021,2
Jamaica,JAM,JAM,2022,2
Japan,JPN,JPN,2013,15
Japan,JPN,JPN,2014,1
Japan,JPN,JPN,2015,1
Japan,JPN,JPN,2016,0
Japan,JPN,JPN,2017,0
Japan,JPN,JPN,2018,0
Japan,JPN,JPN,2019,0
Japan,JPN,JPN,2020,1
Japan,JPN,JPN,2021,2
Japan,JPN,JPN,2022,7
Kenya,KEN,KEN,2020,16
Kenya,KEN,KEN,2021,45
Kenya,KEN,KEN,2022,17
Laos,LAO,LAO,2021,43
Laos,LAO,LAO,2022,25
Latin America and the Caribbean (UN),,,2010,0
Latin America and the Caribbean (UN),,,2011,3
Latin America and the Caribbean (UN),,,2012,26
Latin America and the Caribbean (UN),,,2013,28
Latin America and the Caribbean (UN),,,2014,48
Latin America and the Caribbean (UN),,,2015,47
Latin America and the Caribbean (UN),,,2016,56
Latin America and the Caribbean (UN),,,2017,63
Latin America and the Caribbean (UN),,,2018,57
Latin America and the Caribbean (UN),,,2019,55
Latin America and the Caribbean (UN),,,2020,33
Latin America and the Caribbean (UN),,,2021,33
Latin America and the Caribbean (UN),,,2022,52
Latvia,LVA,LVA,2011,58
Latvia,LVA,LVA,2012,48
Latvia,LVA,LVA,2013,50
Latvia,LVA,LVA,2014,48
Latvia,LVA,LVA,2015,25
Latvia,LVA,LVA,2016,33
Latvia,LVA,LVA,2017,35
Latvia,LVA,LVA,2018,38
Latvia,LVA,LVA,2019,44
Latvia,LVA,LVA,2020,45
Latvia,LVA,LVA,2021,57
Latvia,LVA,LVA,2022,62
Least Developed Countries (LDCs),,,2011,0
Least Developed Countries (LDCs),,,2012,1
Least Developed Countries (LDCs),,,2013,1
Least Developed Countries (LDCs),,,2014,1
Least Developed Countries (LDCs),,,2015,1
Least Developed Countries (LDCs),,,2016,2
Least Developed Countries (LDCs),,,2017,4
Least Developed Countries (LDCs),,,2018,6
Least Developed Countries (LDCs),,,2019,17
Least Developed Countries (LDCs),,,2020,18
Least Developed Countries (LDCs),,,2021,17
Least Developed Countries (LDCs),,,2022,21
Lesotho,LSO,LSO,2022,58
Liberia,LBR,LBR,2020,17
Liberia,LBR,LBR,2021,28
Liberia,LBR,LBR,2022,29
Lithuania,LTU,LTU,2017,28
Lithuania,LTU,LTU,2018,65
Lithuania,LTU,LTU,2019,66
Lithuania,LTU,LTU,2020,68
Lithuania,LTU,LTU,2021,66
Lithuania,LTU,LTU,2022,63
Luxembourg,LUX,LUX,2010,16
Luxembourg,LUX,LUX,2011,20
Luxembourg,LUX,LUX,2012,21
Luxembourg,LUX,LUX,2013,21
Luxembourg,LUX,LUX,2014,10
Luxembourg,LUX,LUX,2015,14
Luxembourg,LUX,LUX,2016,14
Luxembourg,LUX,LUX,2017,14
Luxembourg,LUX,LUX,2018,14
Luxembourg,LUX,LUX,2019,14
Luxembourg,LUX,LUX,2020,14
Luxembourg,LUX,LUX,2021,14
Luxembourg,LUX,LUX,2022,14
Malawi,MWI,MWI,2020,74
Malawi,MWI,MWI,2021,12
Malawi,MWI,MWI,2022,7
Malaysia,MYS,MYS,2011,82
Malaysia,MYS,MYS,2012,85
Malaysia,MYS,MYS,2013,90
Malaysia,MYS,MYS,2014,84
Malaysia,MYS,MYS,2015,83
Malaysia,MYS,MYS,2016,82
Malaysia,MYS,MYS,2017,94
Malaysia,MYS,MYS,2018,80
Malaysia,MYS,MYS,2019,80
Malaysia,MYS,MYS,2020,78
Malaysia,MYS,MYS,2021,13
Malaysia,MYS,MYS,2022,0
Maldives,MDV,MDV,2020,66
Maldives,MDV,MDV,2021,40
Maldives,MDV,MDV,2022,50
Malta,MLT,MLT,2013,29
Malta,MLT,MLT,2014,91
Malta,MLT,MLT,2015,87
Malta,MLT,MLT,2016,82
Malta,MLT,MLT,2017,78
Malta,MLT,MLT,2018,80
Malta,MLT,MLT,2019,82
Malta,MLT,MLT,2020,82
Malta,MLT,MLT,2021,96
Malta,MLT,MLT,2022,76
Marshall Islands,MHL,MHL,2010,55
Marshall Islands,MHL,MHL,2012,4
Marshall Islands,MHL,MHL,2013,15
Marshall Islands,MHL,MHL,2014,21
Marshall Islands,MHL,MHL,2015,34
Marshall Islands,MHL,MHL,2016,47
Marshall Islands,MHL,MHL,2017,33
Marshall Islands,MHL,MHL,2018,35
Marshall Islands,MHL,MHL,2019,33
Marshall Islands,MHL,MHL,2020,23
Marshall Islands,MHL,MHL,2021,36
Marshall Islands,MHL,MHL,2022,36
Mauritania,MRT,MRT,2022,24
Mauritius,MUS,MUS,2017,73
Mauritius,MUS,MUS,2018,77
Mauritius,MUS,MUS,2019,77
Mauritius,MUS,MUS,2020,71
Mauritius,MUS,MUS,2021,52
Mauritius,MUS,MUS,2022,21
Mexico,MEX,MEX,2012,82
Mexico,MEX,MEX,2013,92
Mexico,MEX,MEX,2014,99
Mexico,MEX,MEX,2015,96
Mexico,MEX,MEX,2016,99
Mexico,MEX,MEX,2017,99
Mexico,MEX,MEX,2018,97
Mexico,MEX,MEX,2019,85
Mexico,MEX,MEX,2020,5
Mexico,MEX,MEX,2021,1
Mexico,MEX,MEX,2022,80
Micronesia,FSM,FSM,2017,62
Micronesia,FSM,FSM,2018,56
Micronesia,FSM,FSM,2019,56
Micronesia,FSM,FSM,2020,28
Micronesia,FSM,FSM,2021,32
Micronesia,FSM,FSM,2022,70
Moldova,MDA,MDA,2018,49
Moldova,MDA,MDA,2019,36
Moldova,MDA,MDA,2020,44
Moldova,MDA,MDA,2021,39
Moldova,MDA,MDA,2022,45
Mozambique,MOZ,MOZ,2022,32
Myanmar,MMR,MMR,2022,44
Netherlands,NLD,NLD,2010,52
Netherlands,NLD,NLD,2011,56
Netherlands,NLD,NLD,2012,58
Netherlands,NLD,NLD,2013,59
Netherlands,NLD,NLD,2014,61
Netherlands,NLD,NLD,2015,61
Netherlands,NLD,NLD,2016,53
Netherlands,NLD,NLD,2017,46
Netherlands,NLD,NLD,2018,45
Netherlands,NLD,NLD,2019,53
Netherlands,NLD,NLD,2020,63
Netherlands,NLD,NLD,2021,66
Netherlands,NLD,NLD,2022,64
New Zealand,NZL,NZL,2010,45
New Zealand,NZL,NZL,2011,44
New Zealand,NZL,NZL,2012,53
New Zealand,NZL,NZL,2013,56
New Zealand,NZL,NZL,2014,59
New Zealand,NZL,NZL,2015,59
New Zealand,NZL,NZL,2016,60
New Zealand,NZL,NZL,2017,56
New Zealand,NZL,NZL,2018,58
New Zealand,NZL,NZL,2019,66
New Zealand,NZL,NZL,2020,62
New Zealand,NZL,NZL,2021,51
New Zealand,NZL,NZL,2022,55
Niue,NIU,NIU,2021,76
Niue,NIU,NIU,2022,100
North Macedonia,MKD,MKD,2010,32
North Macedonia,MKD,MKD,2011,46
North Macedonia,MKD,MKD,2012,30
North Macedonia,MKD,MKD,2013,32
North Macedonia,MKD,MKD,2014,43
North Macedonia,MKD,MKD,2015,28
North Macedonia,MKD,MKD,2016,43
North Macedonia,MKD,MKD,2017,39
North Macedonia,MKD,MKD,2018,41
North Macedonia,MKD,MKD,2019,40
North Macedonia,MKD,MKD,2020,29
North Macedonia,MKD,MKD,2021,20
North Macedonia,MKD,MKD,2022,47
Northern America (UN),,,2010,21
Northern America (UN),,,2011,21
Northern America (UN),,,2012,18
Northern America (UN),,,2013,30
Northern America (UN),,,2014,30
Northern America (UN),,,2015,34
Northern America (UN),,,2016,40
Northern America (UN),,,2017,47
Northern America (UN),,,2018,43
Northern America (UN),,,2019,52
Northern America (UN),,,2020,51
Northern America (UN),,,2021,53
Northern America (UN),,,2022,53
Norway,NOR,NOR,2010,58
Norway,NOR,NOR,2011,73
Norway,NOR,NOR,2012,72
Norway,NOR,NOR,2013,74
Norway,NOR,NOR,2014,80
Norway,NOR,NOR,2015,82
Norway,NOR,NOR,2016,83
Norway,NOR,NOR,2017,85
Norway,NOR,NOR,2018,86
Norway,NOR,NOR,2019,91
Norway,NOR,NOR,2020,90
Norway,NOR,NOR,2021,91
Norway,NOR,NOR,2022,91
Oceania (UN),,,2010,40
Oceania (UN),,,2011,37
Oceania (UN),,,2012,39
Oceania (UN),,,2013,41
Oceania (UN),,,2014,42
Oceania (UN),,,2015,42
Oceania (UN),,,2016,43
Oceania (UN),,,2017,43
Oceania (UN),,,2018,44
Oceania (UN),,,2019,47
Oceania (UN),,,2020,42
Oceania (UN),,,2021,39
Oceania (UN),,,2022,37
Palau,PLW,PLW,2010,9
Palau,PLW,PLW,2011,4
Palau,PLW,PLW,2012,11
Palau,PLW,PLW,2013,23
Palau,PLW,PLW,2014,26
Palau,PLW,PLW,2015,24
Palau,PLW,PLW,2016,31
Palau,PLW,PLW,2017,36
Palau,PLW,PLW,2018,47
Palau,PLW,PLW,2019,67
Palau,PLW,PLW,2021,21
Palau,PLW,PLW,2022,40
Panama,PAN,PAN,2010,66
Panama,PAN,PAN,2011,80
Panama,PAN,PAN,2012,78
Panama,PAN,PAN,2013,75
Panama,PAN,PAN,2014,80
Panama,PAN,PAN,2015,58
Panama,PAN,PAN,2016,77
Panama,PAN,PAN,2017,71
Panama,PAN,PAN,2018,68
Panama,PAN,PAN,2019,73
Panama,PAN,PAN,2020,44
Panama,PAN,PAN,2021,47
Panama,PAN,PAN,2022,47
Paraguay,PRY,PRY,2013,77
Paraguay,PRY,PRY,2014,78
Paraguay,PRY,PRY,2015,72
Paraguay,PRY,PRY,2016,72
Paraguay,PRY,PRY,2017,71
Paraguay,PRY,PRY,2018,72
Paraguay,PRY,PRY,2019,70
Paraguay,PRY,PRY,2020,24
Paraguay,PRY,PRY,2021,33
Paraguay,PRY,PRY,2022,18
Peru,PER,PER,2011,0
Peru,PER,PER,2012,0
Peru,PER,PER,2013,0
Peru,PER,PER,2014,2
Peru,PER,PER,2015,51
Peru,PER,PER,2016,49
Peru,PER,PER,2017,39
Peru,PER,PER,2018,54
Peru,PER,PER,2019,64
Peru,PER,PER,2020,11
Peru,PER,PER,2021,38
Peru,PER,PER,2022,51
Philippines,PHL,PHL,2015,23
Philippines,PHL,PHL,2016,23
Philippines,PHL,PHL,2017,3
Philippines,PHL,PHL,2018,1
Philippines,PHL,PHL,2019,2
Philippines,PHL,PHL,2020,5
Philippines,PHL,PHL,2021,0
Philippines,PHL,PHL,2022,0
Portugal,PRT,PRT,2010,88
Portugal,PRT,PRT,2011,89
Portugal,PRT,PRT,2012,90
Portugal,PRT,PRT,2013,91
Portugal,PRT,PRT,2014,91
Portugal,PRT,PRT,2015,89
Portugal,PRT,PRT,2016,72
Portugal,PRT,PRT,2017,86
Portugal,PRT,PRT,2018,91
Portugal,PRT,PRT,2019,91
Portugal,PRT,PRT,2020,91
Portugal,PRT,PRT,2021,90
Portugal,PRT,PRT,2022,89
Rwanda,RWA,RWA,2011,34
Rwanda,RWA,RWA,2012,44
Rwanda,RWA,RWA,2013,54
Rwanda,RWA,RWA,2014,63
Rwanda,RWA,RWA,2015,73
Rwanda,RWA,RWA,2016,80
Rwanda,RWA,RWA,2017,78
Rwanda,RWA,RWA,2018,81
Rwanda,RWA,RWA,2019,90
Rwanda,RWA,RWA,2020,66
Rwanda,RWA,RWA,2021,72
Rwanda,RWA,RWA,2022,75
Saint Kitts and Nevis,KNA,KNA,2020,98
Saint Kitts and Nevis,KNA,KNA,2021,79
Saint Kitts and Nevis,KNA,KNA,2022,61
Saint Lucia,LCA,LCA,2019,42
Saint Lucia,LCA,LCA,2020,67
Saint Lucia,LCA,LCA,2021,55
Saint Lucia,LCA,LCA,2022,73
Saint Vincent and the Grenadines,VCT,VCT,2018,4
Saint Vincent and the Grenadines,VCT,VCT,2019,11
Saint Vincent and the Grenadines,VCT,VCT,2020,13
Samoa,WSM,WSM,2022,87
San Marino,SMR,SMR,2012,22
San Marino,SMR,SMR,2013,17
San Marino,SMR,SMR,2014,19
San Marino,SMR,SMR,2015,17
San Marino,SMR,SMR,2016,13
San Marino,SMR,SMR,2017,16
San Marino,SMR,SMR,2018,46
San Marino,SMR,SMR,2019,51
San Marino,SMR,SMR,2020,47
San Marino,SMR,SMR,2021,22
San Marino,SMR,SMR,2022,48
Senegal,SEN,SEN,2019,25
Senegal,SEN,SEN,2020,32
Senegal,SEN,SEN,2021,33
Senegal,SEN,SEN,2022,25
Serbia,SRB,SRB,2022,0
Seychelles,SYC,SYC,2014,78
Seychelles,SYC,SYC,2015,88
Seychelles,SYC,SYC,2016,93
Seychelles,SYC,SYC,2017,78
Seychelles,SYC,SYC,2018,93
Seychelles,SYC,SYC,2019,64
Seychelles,SYC,SYC,2020,23
Seychelles,SYC,SYC,2021,38
Seychelles,SYC,SYC,2022,84
Singapore,SGP,SGP,2012,0
Singapore,SGP,SGP,2013,0
Singapore,SGP,SGP,2014,0
Singapore,SGP,SGP,2015,0
Singapore,SGP,SGP,2016,0
Singapore,SGP,SGP,2017,0
Singapore,SGP,SGP,2018,28
Singapore,SGP,SGP,2019,58
Singapore,SGP,SGP,2020,80
Singapore,SGP,SGP,2021,88
Singapore,SGP,SGP,2022,71
Slovakia,SVK,SVK,2022,14
Slovenia,SVN,SVN,2010,44
Slovenia,SVN,SVN,2011,46
Slovenia,SVN,SVN,2012,50
Slovenia,SVN,SVN,2013,38
Slovenia,SVN,SVN,2014,43
Slovenia,SVN,SVN,2015,40
Slovenia,SVN,SVN,2016,41
Slovenia,SVN,SVN,2017,43
Slovenia,SVN,SVN,2018,45
Slovenia,SVN,SVN,2019,52
Slovenia,SVN,SVN,2020,54
Slovenia,SVN,SVN,2021,38
Slovenia,SVN,SVN,2022,45
Small Island Developing States (SIDS),,,2010,0
Small Island Developing States (SIDS),,,2011,0
Small Island Developing States (SIDS),,,2012,0
Small Island Developing States (SIDS),,,2013,1
Small Island Developing States (SIDS),,,2014,2
Small Island Developing States (SIDS),,,2015,2
Small Island Developing States (SIDS),,,2016,2
Small Island Developing States (SIDS),,,2017,10
Small Island Developing States (SIDS),,,2018,11
Small Island Developing States (SIDS),,,2019,8
Small Island Developing States (SIDS),,,2020,9
Small Island Developing States (SIDS),,,2021,8
Small Island Developing States (SIDS),,,2022,9
Solomon Islands,SLB,SLB,2020,19
Solomon Islands,SLB,SLB,2022,7
South Africa,ZAF,ZAF,2014,68
South Africa,ZAF,ZAF,2015,63
South Africa,ZAF,ZAF,2016,63
South Africa,ZAF,ZAF,2017,56
South Africa,ZAF,ZAF,2018,43
South Africa,ZAF,ZAF,2019,43
South Africa,ZAF,ZAF,2020,0
South Africa,ZAF,ZAF,2021,35
South Africa,ZAF,ZAF,2022,47
South Korea,KOR,KOR,2017,49
South Korea,KOR,KOR,2018,65
South Korea,KOR,KOR,2019,56
South Korea,KOR,KOR,2020,68
South Korea,KOR,KOR,2021,66
South Korea,KOR,KOR,2022,65
Spain,ESP,ESP,2010,62
Spain,ESP,ESP,2011,66
Spain,ESP,ESP,2012,71
Spain,ESP,ESP,2013,73
Spain,ESP,ESP,2014,72
Spain,ESP,ESP,2015,79
Spain,ESP,ESP,2016,82
Spain,ESP,ESP,2017,87
Spain,ESP,ESP,2018,73
Spain,ESP,ESP,2019,79
Spain,ESP,ESP,2020,79
Spain,ESP,ESP,2021,77
Spain,ESP,ESP,2022,81
Sri Lanka,LKA,LKA,2018,55
Sri Lanka,LKA,LKA,2019,82
Sri Lanka,LKA,LKA,2020,50
Sri Lanka,LKA,LKA,2021,45
Sri Lanka,LKA,LKA,2022,49
Sub-Saharan Africa (UN),,,2011,0
Sub-Saharan Africa (UN),,,2012,1
Sub-Saharan Africa (UN),,,2013,1
Sub-Saharan Africa (UN),,,2014,4
Sub-Saharan Africa (UN),,,2015,4
Sub-Saharan Africa (UN),,,2016,5
Sub-Saharan Africa (UN),,,2017,6
Sub-Saharan Africa (UN),,,2018,7
Sub-Saharan Africa (UN),,,2019,19
Sub-Saharan Africa (UN),,,2020,18
Sub-Saharan Africa (UN),,,2021,21
Sub-Saharan Africa (UN),,,2022,22
Suriname,SUR,SUR,2014,36
Suriname,SUR,SUR,2015,62
Suriname,SUR,SUR,2016,34
Suriname,SUR,SUR,2017,55
Suriname,SUR,SUR,2018,55
Suriname,SUR,SUR,2019,36
Suriname,SUR,SUR,2020,4
Suriname,SUR,SUR,2021,2
Suriname,SUR,SUR,2022,2
Sweden,SWE,SWE,2016,73
Sweden,SWE,SWE,2017,72
Sweden,SWE,SWE,2018,75
Sweden,SWE,SWE,2019,80
Sweden,SWE,SWE,2020,82
Sweden,SWE,SWE,2021,83
Sweden,SWE,SWE,2022,83
Switzerland,CHE,CHE,2010,20
Switzerland,CHE,CHE,2011,51
Switzerland,CHE,CHE,2012,51
Switzerland,CHE,CHE,2013,51
Switzerland,CHE,CHE,2014,56
Switzerland,CHE,CHE,2015,56
Switzerland,CHE,CHE,2016,56
Switzerland,CHE,CHE,2017,59
Switzerland,CHE,CHE,2018,59
Switzerland,CHE,CHE,2019,59
Switzerland,CHE,CHE,2020,63
Switzerland,CHE,CHE,2021,71
Switzerland,CHE,CHE,2022,71
Tanzania,TZA,TZA,2018,18
Tanzania,TZA,TZA,2019,46
Tanzania,TZA,TZA,2020,55
Tanzania,TZA,TZA,2021,55
Tanzania,TZA,TZA,2022,60
Thailand,THA,THA,2017,70
Thailand,THA,THA,2018,30
Thailand,THA,THA,2019,0
Thailand,THA,THA,2020,0
Thailand,THA,THA,2021,0
Thailand,THA,THA,2022,0
Tonga,TON,TON,2022,20
Trinidad and Tobago,TTO,TTO,2013,7
Trinidad and Tobago,TTO,TTO,2015,6
Trinidad and Tobago,TTO,TTO,2016,6
Trinidad and Tobago,TTO,TTO,2017,12
Trinidad and Tobago,TTO,TTO,2018,13
Trinidad and Tobago,TTO,TTO,2019,8
Trinidad and Tobago,TTO,TTO,2021,8
Trinidad and Tobago,TTO,TTO,2022,8
Turkmenistan,TKM,TKM,2017,95
Turkmenistan,TKM,TKM,2018,99
Turkmenistan,TKM,TKM,2019,99
Turkmenistan,TKM,TKM,2020,99
Turkmenistan,TKM,TKM,2021,99
Turkmenistan,TKM,TKM,2022,99
Tuvalu,TUV,TUV,2021,27
Tuvalu,TUV,TUV,2022,80
Uganda,UGA,UGA,2016,30
Uganda,UGA,UGA,2017,57
Uganda,UGA,UGA,2018,75
Uganda,UGA,UGA,2019,65
Uganda,UGA,UGA,2020,31
Uganda,UGA,UGA,2021,45
Uganda,UGA,UGA,2022,68
United Arab Emirates,ARE,ARE,2018,33
United Arab Emirates,ARE,ARE,2019,33
United Arab Emirates,ARE,ARE,2020,34
United Arab Emirates,ARE,ARE,2021,34
United Arab Emirates,ARE,ARE,2022,34
United Kingdom,GBR,GBR,2010,77
United Kingdom,GBR,GBR,2011,83
United Kingdom,GBR,GBR,2012,88
United Kingdom,GBR,GBR,2013,86
United Kingdom,GBR,GBR,2014,86
United Kingdom,GBR,GBR,2015,84
United Kingdom,GBR,GBR,2016,82
United Kingdom,GBR,GBR,2017,80
United Kingdom,GBR,GBR,2018,81
United Kingdom,GBR,GBR,2019,81
United Kingdom,GBR,GBR,2020,63
United Kingdom,GBR,GBR,2021,58
United Kingdom,GBR,GBR,2022,56
United States,USA,USA,2010,23
United States,USA,USA,2011,23
United States,USA,USA,2012,20
United States,USA,USA,2013,26
United States,USA,USA,2014,26
United States,USA,USA,2015,30
United States,USA,USA,2016,36
United States,USA,USA,2017,44
United States,USA,USA,2018,39
United States,USA,USA,2019,49
United States,USA,USA,2020,48
United States,USA,USA,2021,50
United States,USA,USA,2022,50
Uruguay,URY,URY,2015,26
Uruguay,URY,URY,2016,45
Uruguay,URY,URY,2017,44
Uruguay,URY,URY,2018,43
Uruguay,URY,URY,2019,37
Uruguay,URY,URY,2020,24
Uruguay,URY,URY,2021,17
Uruguay,URY,URY,2022,22
Uzbekistan,UZB,UZB,2020,96
Uzbekistan,UZB,UZB,2021,88
Uzbekistan,UZB,UZB,2022,99
World,OWID_WRL,,2010,3
World,OWID_WRL,,2011,3
World,OWID_WRL,,2012,6
World,OWID_WRL,,2013,6
World,OWID_WRL,,2014,9
World,OWID_WRL,,2015,9
World,OWID_WRL,,2016,10
World,OWID_WRL,,2017,12
World,OWID_WRL,,2018,12
World,OWID_WRL,,2019,14
World,OWID_WRL,,2020,12
World,OWID_WRL,,2021,13
World,OWID_WRL,,2022,15
Zambia,ZMB,ZMB,2020,68
Zambia,ZMB,ZMB,2021,33
Zambia,ZMB,ZMB,2022,38
Zimbabwe,ZWE,ZWE,2019,65
Zimbabwe,ZWE,ZWE,2020,0
Zimbabwe,ZWE,ZWE,2021,40
Zimbabwe,ZWE,ZWE,2022,7